,test_win_rate,test_score,test_ties,train_win_rate,train_score,train_ties,episode,total_score,total_played,train_loss_policy,train_loss_value
0,0.6,0.2,0.0,0.0,-0.01,0.0,0,0.0,0,0.022432725876569748,0.060577020049095154
1,0.32,-0.36,0.0,0.43,-0.14,0.0,100,-16.0,100,0.0035736095873320044,0.14833594024319804
2,0.64,0.28,0.0,0.65,0.3,0.0,200,14.0,200,0.015417041366060954,0.17593069267908445
3,0.48,-0.04,0.0,0.49,-0.02,0.0,300,14.0,300,0.003032641657985649,0.18092413565862492
