,test_win_rate,test_score,test_ties,train_win_rate,train_score,train_ties,episode,total_score,total_played,train_loss_policy,train_loss_value
0,0.76,0.52,0.0,0.01,0.01,0.0,0,0.0,0,0.0665493905544281,0.06949752569198608
1,0.44,-0.12,0.0,0.49,-0.02,0.0,100,-2.0,100,0.025636646203755144,0.17962175653858015
2,0.48,-0.04,0.0,0.49,-0.02,0.0,200,-2.0,200,0.004372877997307878,0.2444701183933581
3,0.52,0.04,0.0,0.46,-0.08,0.0,300,-12.0,300,0.0045528818038348086,0.23270536081258647
