,test_win_rate,test_score,test_ties,train_win_rate,train_score,train_ties,episode,total_score,total_played,train_loss_policy,train_loss_value
0,0.32,-0.36,0.0,0.0,-0.01,0.0,0,0.0,0,-0.011426597833633423,0.0006343078566715121
1,0.56,0.12,0.0,0.36,-0.28,0.0,100,-28.0,100,-0.006797704582727472,0.017540704695112687
2,0.64,0.28,0.0,0.48,-0.04,0.0,200,-32.0,200,0.0033627584607963377,0.01706614229646128
3,0.64,0.28,0.0,0.47,-0.06,0.0,300,-38.0,300,0.003365003949518664,0.034932305237601824
4,0.44,-0.12,0.0,0.5,0.0,0.0,400,-38.0,400,0.002368660558207361,0.01751376951686359
5,0.44,-0.12,0.0,0.46,-0.08,0.0,500,-46.0,500,0.008328923936287666,0.017683805096078854
6,0.56,0.12,0.0,0.46,-0.08,0.0,600,-54.0,600,-0.0005090225494105101,0.017807502795611815
