,test_win_rate,test_score,test_ties,train_win_rate,train_score,train_ties,episode,total_score,total_played,train_loss_policy,train_loss_value
0,0.32,-0.36,0.0,0.01,0.01,0.0,0,0.0,0,-0.5129167581451874,0.050797228471641545
1,0.68,0.36,0.0,0.49,-0.02,0.0,100,-2.0,100,1.380846756755906,0.04936278443720134
2,0.56,0.12,0.0,0.53,0.06,0.0,200,4.0,200,1.1655490426807422,0.04454917580982931
3,0.28,-0.44,0.0,0.41,-0.18,0.0,300,-14.0,300,-0.48528048170942467,0.05022418704853143
4,0.4,-0.2,0.0,0.3,-0.4,0.0,400,-52.0,400,-0.9984568223716799,0.04251942606375342
5,0.2,-0.6,0.0,0.31,-0.38,0.0,500,-90.0,500,-0.7359830725001901,0.03790458903333382
6,0.2,-0.6,0.0,0.4,-0.2,0.0,600,-110.0,600,-0.20615727013296795,0.06824302236476608
7,0.32,-0.36,0.0,0.38,-0.24,0.0,700,-134.0,700,-0.02191895203914493,0.08171030748551965
8,0.08,-0.84,0.0,0.16,-0.68,0.0,800,-204.0,800,-0.438483459044289,0.0367653066105458
9,0.08,-0.84,0.0,0.11,-0.78,0.0,900,-280.0,900,0.07836430199584976,0.0875883164978257
10,0.08,-0.84,0.0,0.09,-0.82,0.0,1000,-362.0,1000,0.46715961709548165,0.11834154372909639
11,0.36,-0.28,0.0,0.18,-0.64,0.0,1100,-428.0,1100,0.40921341996353694,0.08946826388688418
12,0.44,-0.12,0.0,0.41,-0.18,0.0,1200,-446.0,1200,0.4181586971433459,0.057343515114245236
13,0.48,-0.04,0.0,0.53,0.06,0.0,1300,-440.0,1300,-0.026851941167901173,0.07058675375201391
14,0.28,-0.44,0.0,0.52,0.04,0.0,1400,-434.0,1400,-0.36612503976639216,0.0707394344205728
15,0.4,-0.2,0.0,0.39,-0.22,0.0,1500,-456.0,1500,-0.37457259443630453,0.0527631990412646
16,0.04,-0.92,0.0,0.34,-0.32,0.0,1600,-488.0,1600,-0.2860825449680607,0.051014583481871344
17,0.32,-0.36,0.0,0.27,-0.46,0.0,1700,-536.0,1700,0.21299353445895686,0.08154516211991165
18,0.68,0.36,0.0,0.55,0.1,0.0,1800,-526.0,1800,0.022789198397511833,0.07301401805732945
